Funcion,k,Precision@k,Recall@k,MRR,Similitud_respuesta,N
Coseno,1,0.53 ± 0.50,0.41 ± 0.43,0.53 ± 0.50,0.73 ± 0.14,40
Coseno,2,0.54 ± 0.42,0.50 ± 0.40,0.60 ± 0.45,0.73 ± 0.13,40
Coseno,3,0.56 ± 0.38,0.60 ± 0.39,0.63 ± 0.42,0.73 ± 0.13,40
Coseno,5,0.53 ± 0.36,0.68 ± 0.37,0.65 ± 0.40,0.77 ± 0.10,40
Coseno,10,0.46 ± 0.30,0.80 ± 0.33,0.65 ± 0.39,0.77 ± 0.10,40
Coseno,15,0.41 ± 0.26,0.83 ± 0.30,0.66 ± 0.38,0.77 ± 0.10,40
Producto escalar,1,0.53 ± 0.50,0.41 ± 0.43,0.53 ± 0.50,0.73 ± 0.14,40
Producto escalar,2,0.54 ± 0.42,0.50 ± 0.40,0.60 ± 0.45,0.73 ± 0.12,40
Producto escalar,3,0.56 ± 0.38,0.60 ± 0.39,0.63 ± 0.42,0.74 ± 0.12,40
Producto escalar,5,0.53 ± 0.36,0.68 ± 0.37,0.65 ± 0.40,0.77 ± 0.10,40
Producto escalar,10,0.46 ± 0.30,0.80 ± 0.33,0.65 ± 0.39,0.77 ± 0.12,40
Producto escalar,15,0.41 ± 0.26,0.83 ± 0.30,0.66 ± 0.38,0.79 ± 0.09,40
Euclídea,1,0.53 ± 0.50,0.41 ± 0.43,0.53 ± 0.50,0.72 ± 0.14,40
Euclídea,2,0.54 ± 0.42,0.50 ± 0.40,0.60 ± 0.45,0.74 ± 0.12,40
Euclídea,3,0.56 ± 0.38,0.60 ± 0.39,0.63 ± 0.42,0.75 ± 0.11,40
Euclídea,5,0.53 ± 0.36,0.68 ± 0.37,0.65 ± 0.40,0.76 ± 0.10,40
Euclídea,10,0.46 ± 0.30,0.80 ± 0.33,0.65 ± 0.39,0.78 ± 0.10,40
Euclídea,15,0.41 ± 0.26,0.83 ± 0.30,0.66 ± 0.38,0.78 ± 0.10,40
Manhattan,1,0.47 ± 0.50,0.36 ± 0.42,0.47 ± 0.50,0.72 ± 0.12,40
Manhattan,2,0.55 ± 0.43,0.50 ± 0.40,0.57 ± 0.44,0.74 ± 0.12,40
Manhattan,3,0.52 ± 0.43,0.53 ± 0.43,0.57 ± 0.44,0.74 ± 0.12,40
Manhattan,5,0.51 ± 0.37,0.66 ± 0.40,0.60 ± 0.41,0.75 ± 0.12,40
Manhattan,10,0.46 ± 0.29,0.79 ± 0.33,0.62 ± 0.39,0.76 ± 0.10,40
Manhattan,15,0.40 ± 0.25,0.83 ± 0.30,0.62 ± 0.39,0.78 ± 0.09,40
